{
  "0": {
    "precision": 0.9240246406570842,
    "recall": 0.7731958762886598,
    "f1-score": 0.8419083255378859,
    "support": 582.0
  },
  "1": {
    "precision": 0.49809885931558934,
    "recall": 0.7797619047619048,
    "f1-score": 0.6078886310904872,
    "support": 168.0
  },
  "accuracy": 0.7746666666666666,
  "macro avg": {
    "precision": 0.7110617499863368,
    "recall": 0.7764788905252823,
    "f1-score": 0.7248984783141865,
    "support": 750.0
  },
  "weighted avg": {
    "precision": 0.8286172656365893,
    "recall": 0.7746666666666666,
    "f1-score": 0.7894879139816685,
    "support": 750.0
  }
}